artist_name,track_name,release_date,genre,lyrics
The Skanksters,Brass Attack,1997,ska,"Walking down these city streets at night, Brass section keeping time so right, Pick it up pick it up now, Don't you know we're here to show you how. The trumpets blare and trombones slide, Saxophones wailing side by side, Rhythm guitar hitting upstrokes tight, Bass and drums keeping everything right. The moon is high and spirits higher, Our energy could not get any wirer, Dancing till our legs give out, This is what ska is all about. When morning comes we'll still be here, Skanking away without a care, The brass attack has just begun, We won't stop till the day is done."
Rude Awakening,Skank All Night,2001,ska,"When the lights go down, we'll skank all night, Keep on moving to the rhythms tight, One step forward two steps back, This beat is all that we lack. The horn section's blazing through the room, Dispelling any sense of gloom, Sweat dripping down onto the floor, But still we dance and ask for more. Checkered patterns all around, Black and white cover every sound, Unity in rhythm found, As the beat continues to astound. Morning light begins to break, But still our bodies will not shake, The energy keeps flowing strong, As we dance to our favorite song. Rude awakening comes too soon, When they tell us we must leave the room, But memories of the night will stay, Until we skank another day."
The Upbeaters,Morning Sunshine,1995,ska,"The morning sunshine breaks through my window, Another day to face the world below, But with this rhythm in my heart, I know that I can make a brand new start. The city wakes to the sound of horns, A new day has been born, Trumpets call across the land, Time to join the skanking band. Upbeat rhythms chase away the blues, Giving me the strength I need to choose, To face the day with positive mind, Leaving yesterday's troubles behind. The upstroke guitar keeps me moving forward, Progress happens when you're never bored, The drums and bass provide the foundation, For this morning's skanking celebration. So when the sunshine hits your face, Remember to keep up the pace, The Upbeaters bring the morning cheer, Making sure your path is clear."
Skanktastic Four,Rudeboy Blues,1989,ska,"Rudeboy walking with a swagger and style, Porkpie hat and a knowing smile, Kingston calling with a beat so true, Nothing left for a rudeboy to do. Sharp-dressed man in a tailored suit, Polished shoes and looking cute, Dancing to the offbeat sound, Spreading good vibes all around. The Skanktastic Four come together tonight, Making sure everything's feeling right, Horns blazing through the air, Creating music beyond compare. The rudeboy blues ain't about feeling down, It's about owning every part of town, Moving with confidence and grace, Setting the perfect dancing pace. When troubles come and spirits sink, The rudeboy rises in a blink, Finding solace in the skanking beat, Making life feel bittersweet. Original rude boys paved the way, For what we're dancing to today, Respect tradition while moving ahead, Following the path where we're led."
Brass Monkeys,Jump To The Beat,2003,ska,"Jump to the beat and move your feet, The rhythm's flowing down the street, Horns are blazing lighting up the night, Everything's gonna be alright. The saxophone wails a mournful tune, Under the light of the silver moon, But sadness never lasts too long, When we're dancing to this song. Trumpets calling from above, Filling the air with sounds of love, Trombones sliding smooth and low, Telling us which way to go. The dance floor's packed from wall to wall, Everyone answering the rhythm's call, Strangers becoming friends tonight, Under the pulsing strobe light. Cold outside but warm within, As the band begins to play again, Brass Monkeys bringing heat to the scene, Making sure we all convene. So jump high and reach the sky, Let the music be your reason why, The beat goes on through thick and thin, Let the skanking now begin."
The Checkered Vans,Sidewalk Surfing,1998,ska,"Concrete waves beneath my feet, Riding rhythms down the street, Checkered patterns black and white, Skanking through the city night. Four wheels rolling smooth and fast, Present moving through the past, Soundtrack blasting in my ears, Melting away all my fears. The cityscape becomes my ocean, Fluid movements in constant motion, Every crack a wave to ride, Every turn a changing tide. The Checkered Vans provide the sound, As I skate from town to town, Wheels and rhythm both aligned, Freedom for the searching mind. People stare as I roll by, Questions forming in their eyes, But I'm too caught in the groove, To explain why I must move. Sidewalk surfing sets me free, Helps me be who I should be, The marriage of skate and ska, Taking me both near and far. When the day comes to an end, New adventures round the bend, I'll keep surfing through the street, The rhythm guiding my two feet."
Moonlight Skatalites,Midnight Rude,1992,ska,"When the clock strikes midnight hour, Rude boys rise with skanking power, Under stars we dance all night, Moving to the rhythm right. Silver moonlight guides our way, As brass sections start to play, Trumpets reaching for the stars, Sounds that heal our deepest scars. The night belongs to those who know, That rhythm helps the spirit grow, Moonlight Skatalites lead the charge, Making small emotions large. Shadows dance against the wall, As the horns begin to call, Inviting everyone to join, Before the moment we purloin. The midnight rude is not a mood, But how we dance and share our food, Community in darkness found, When we gather for this sound. Cities sleep but we're awake, So much music left to make, Until the morning light appears, Chasing away our nightly fears. Tomorrow we return to jobs, Blending with the daily mobs, But tonight we stand apart, Midnight rude within our heart."
The Upstrokes,Skanking Shoes,2005,ska,"Put on your skanking shoes, There's nothing left to lose, The beat is calling you tonight, Just move your feet and feel alright. These shoes have traveled many miles, Across dance floors with different styles, But nothing feels quite as sweet, As when they find the perfect beat. The leather's worn but soul intact, With every step they counteract, The pressure of the working day, As horns begin to lead the way. When guitar upstrokes set the pace, These shoes will find their perfect place, Sliding across the wooden floor, Always hungry for some more. The Upstrokes play till break of dawn, While feet keep moving on and on, These shoes won't let you down tonight, They'll keep you dancing till first light. Sweat may soak through to your socks, As rhythm through your body rocks, But these shoes were made to take the strain, Dancing through the joy and pain. So lace them up and head out now, These skanking shoes will show you how, To lose yourself in brass and beat, The perfect sound for dancing feet."
Brass Battalion,Trumpet Charge,1997,ska,"Trumpets sound the charge tonight, Trombones backing up just right, Marching forward to the beat, Rhythm flowing down the street. The Brass Battalion takes command, Controlling movements across the land, Their weapons made of polished metal, Each note pushing to new level. The sergeant calls the cadence clear, Skanking soldiers far and near, Follow orders without question, Moving with precise suggestion. The trumpet charge begins at dawn, Continuing until day is gone, Relentless rhythm never ceasing, Energy constantly increasing. Synchronized in black and white, Unity through sound and sight, The battalion marches through the town, No force could ever shut them down. The battle fought with notes not guns, Lasting until the day is done, Victory measured in smiling faces, As the crowd moves through their paces. When the trumpet charge subsides, The memory forever abides, In muscles tired from constant motion, Dancing with complete devotion."
Rude Girls,Pick It Up,2000,ska,"When I say pick it up, You better listen good, The beat is dropping heavy now, Throughout the neighborhood. The Rude Girls have arrived at last, Breaking through the glass ceiling fast, Showing all the boys around, How to really make a sound. Our guitars hit the upstroke clean, Our horns the sharpest you've ever seen, Drums and bass laying foundation, For our skanking domination. We wear our checkered dresses proud, Standing out among the crowd, Porkpie hats at perfect angle, In this scene we will not dangle. Pick it up when we command, As the rhythm sweeps across the land, No time for standing still tonight, Every move must feel just right. We've paid our dues and earned our place, Setting a much faster pace, The Rude Girls revolution's here, Our message ringing loud and clear. So when we say to pick it up, Don't hesitate or interrupt, Just move your feet and feel the sound, The best ska rhythms we have found."
The Uptowners,City Lights,1988,ska,"City lights are shining down, Ska beats echo all around, Black and white unite tonight, Dancing till the morning light. The Uptowners bring sophistication, To this skanking celebration, Urban rhythms clean and tight, Brightening up the darkest night. Skyscrapers reaching for the moon, Providing backdrop for our tune, Concrete jungles come alive, When these rhythms start to thrive. Traffic lights flash red to green, Creating patterns seldom seen, Stop and go but never slow, As through the city streets we flow. The downtown crowd dressed up so fine, Moving in perfect design, Two-tone suits and polished shoes, Dispelling all the urban blues. Neon signs illuminate the way, As night transforms into day, But still the music carries on, City lights our lexicon. The Uptowners know the secret sound, That makes this urban joy profound, When horns and rhythm synchronize, Under metropolitan skies."
Skank Factory,Assembly Line,2002,ska,"Moving like an assembly line, Synchronized and feeling fine, Production of the perfect beat, Gets all the people on their feet. The Skank Factory works through the night, Manufacturing rhythms tight, Quality control ensures the sound, Has the impact to astound. Workers unified in motion, Dedicated with devotion, Crafting beats with careful hands, Meeting all the world's demands. The conveyor belt of constant groove, Ensures our bodies always move, Each component plays its part, In this industrial work of art. Brass instruments the raw materials, Combined with drums for pure miracles, Guitar upstrokes provide the power, That makes the competition cower. The foreman calls for faster pace, As sweat forms on each dancing face, Quotas must be met tonight, Before the morning brings first light. When shipments leave the factory floor, Communities demand for more, Mass production of the ska, Distributed both near and far."
Brass Tacks,Get Down To It,1996,ska,"Getting down to brass tacks now, Gonna show you where and how, The rhythm's tight the horns are bright, We're gonna dance all through the night. No more time for idle chatter, Let's focus on what really matters, The essence of this driving beat, That gets us jumping to our feet. Brass Tacks cutting through the noise, Bringing pure unadulterated joys, Fundamental elements combined, Creating sounds one of a kind. The trumpet speaks the honest truth, Revealing secrets of wayward youth, Trombone slides between the lines, As saxophone emotionally whines. Getting down to what's essential, This rhythm's truly consequential, Stripping away unnecessary parts, Straight to the core of our hearts. The basic facts cannot be denied, This feeling cannot be defied, When Brass Tacks start to play their song, Everything else seems so wrong. So get down to it right away, Don't leave it for another day, The rhythm's here for you to take, A better time we'll never make."
The Suspenders,Hold It Up,2004,ska,"Hold it up with pride and style, Make the people dance and smile, Suspend the rules and break the mold, With rhythms new and stories old. The Suspenders keep things from falling, As the horns continue calling, Supporting structures that would fail, Without their presence to prevail. Elastic tension pulls and gives, Creating space where music lives, Flexibility in rhythm found, As dancing feet move off the ground. Traditional patterns held in place, While innovation sets the pace, The perfect balance struck tonight, Everything feeling just right. Hold it up don't let it drop, This momentum shouldn't stop, The pressure's on to maintain form, As the dance floor starts to storm. Braces securing what we need, Following wherever rhythms lead, Keeping everything contained, While freedom's simultaneously gained. The paradox of structure free, Is what The Suspenders guarantee, Supporting while encouraging flight, Throughout this wild skanking night."
Kingston Crew,Island Fever,1991,ska,"Island fever burning hot, Giving all we've got, Tropical rhythms in the air, Dancing without a care. Palm trees swaying in the breeze, As we dance with practiced ease, Kingston Crew brings island sounds, To wherever they're around. The heat rises from the ground, As authentic rhythms pound, Sweat dripping from our brow, But we won't stop dancing now. Jamaica calling through the years, Dispelling all our fears, Original ska from way back when, Brought to life once again. Island fever highly contagious, The symptoms quite outrageous, Uncontrollable need to skank, For which we give our thanks. The ocean waves keep perfect time, With rhythms so sublime, Caribbean spirit never fades, As afternoon turns to evening shades. Kingston calling loud and clear, The message we all need to hear, Unity through music found, As tropical beats surround. Island fever has no cure, The diagnosis always sure, But who would want recovery, From such musical discovery?"
Checkerboard Collective,Black And White,1999,ska,"Black and white together tight, Creating patterns in the night, Unity in rhythm found, When we're moving to this sound. The Checkerboard Collective stands, For equality across all lands, Different colors side by side, With nothing left to hide. Opposites attract they say, When we dance and play, Contrasting forces unified, As divisions are defied. The dance floor our level ground, Where solutions can be found, Social problems fade away, When the horns begin to play. Black and white both have their place, In this cooperative space, Neither one could stand alone, Together they make the perfect tone. The pattern spreads across the floor, Opening previously closed doors, Inviting everyone inside, No reason left to hide. Checkerboard vision seeing clear, The path that brings us near, To understanding differences embrace, Creates a more harmonious place. Black and white both equal parts, Of the rhythm in our hearts, Moving forward side by side, Taking this collective ride."
The Offbeats,Syncopated Soul,2006,ska,"My syncopated soul keeps time, With every beat and every rhyme, The offbeat is where I live, It's all I've got to give. Conventional patterns left behind, As we seek what we might find, In the spaces in between, Where most have never been. The Offbeats understand the gaps, Between the standard measured taps, Finding freedom in the pause, Breaking all the normal laws. Unexpected emphasis placed, Where others would have simply raced, Past the hidden opportunities, That standard timing never sees. My syncopated soul yearns for more, Than what came predictably before, Seeking new rhythmic frontiers, Throughout the passing years. When the world expects the one, The offbeat brings unexpected fun, Zigging where others would zag, Never letting spirits lag. The syncopation of our lives, Is how the human spirit thrives, Finding pathways seldom tread, Following where instinct led. So if your soul feels out of time, Remember that it's not a crime, To dance between the standard beats, Where true liberation meets."
Brass Knuckles,Fighting Chance,1994,ska,"Give me just one fighting chance, To make you listen make you dance, Brass section hits you like a punch, This is what we call ska crunch. Brass Knuckles don't fight with fists, But with a sound that can't be missed, Weapons of mass elation, Causing widespread celebration. The trumpet jabs straight to the ear, Making the message crystal clear, Trombone throws a powerful hook, Capturing attention like a book. Saxophone weaves and bobs with grace, Setting an unbeatable pace, The rhythm section holds its ground, Creating truly forceful sound. We're fighting for your heart tonight, With music that feels just right, No violence in our attack, Just forward motion never back. The battle happens on the floor, As dancers ask for more and more, Throwing themselves into the sound, As powerful rhythms surround. One fighting chance is all we need, To plant the musical ska seed, That grows within your beating heart, Until we're never torn apart."
The Porkpies,Hat Trick,2001,ska,"Three moves in the hat trick play, Skanking all night and through the day, Smooth style with a rudeboy lean, Sharpest outfit you've ever seen. The Porkpies represent the style, That makes the purists smile, Headwear tilted just so right, Under the club's dim light. First move comes with subtle grace, Perfect timing perfect pace, Drawing attention to the beat, As we take control of the street. Second maneuver ups the ante, Rhythm flowing fast and shanty, Trumpets blazing through the air, Creating moments beyond compare. The final move seals the deal, Making everyone feel, The powerful attraction, Of this three-part transaction. Hat trick complete the crowd goes wild, Sophistication reconciled, With passionate abandon core, Dancing harder than before. The Porkpies tilt their brims with pride, Taking everyone along for the ride, Three-part harmony three-part move, Finding the perfect groove. Traditional style with modern flair, Creating moments beyond compare, The hat trick never gets old, When done with precision so bold."
Rudie Can't Fail,Never Stop,1989,ska,"Rudie can't fail when the music's right, Skanking through the day and night, Never stop the upbeat sound, Passing rhythm all around. Determination in each step, A reputation well-kept, Moving forward without pause, Breaking through restrictive laws. When obstacles stand in the way, Rudie finds another way to play, Circumventing any wall, Answering the rhythm's call. Never stop is our command, As ska spreads across the land, Continuous motion through the years, Conquering all our fears. Rudie can't fail it's just a fact, When heart and beat perfectly interact, Creating unstoppable force, Staying true to righteous course. Through decades styles may change, But certain truths remain the same, The rhythm keeps us standing tall, Answering the eternal call. Never stopping never failing, Against the mainstream always sailing, Rudie carries the torch ahead, Following where tradition led. When they say it can't be done, That's when Rudie has most fun, Proving critics always wrong, Through the power of skanking song."
The Upshots,Take Your Best,2003,ska,"Take your best shot at the king of ska, We've come too far to fall, The rhythm keeps us standing tall, United we won't fall. The Upshots face the challenge strong, Knowing where we belong, On stages under bright lights, Turning wrongs to rights. When critics try to knock us down, We simply turn around, And hit them with another beat, That sweeps them off their feet. The upward trajectory clear, Our message ringing near, Ascending through the music scene, To places we've never been. Take your best shot we'll still stand, The rhythm at our command, Arrows bouncing off our sound, As new followers gather round. We've weathered every storm, Transforming to new form, Adaptability our strength, Going to any length. The Upshots always aim high, Reaching for the endless sky, Taking your best shot in stride, With nothing left to hide. So give us all you've got, Your most powerful shot, We'll absorb it turn it round, And create an even better sound."
Brass Tones,Bright Sounds,1997,ska,"Bright sounds filling up the air, Skanking people everywhere, Brass tones shining through the night, Everything is feeling right. The trumpets gleam with golden light, Breaking through the darkest night, Illuminating paths ahead, Where eager dancing feet may tread. Trombone glowing warm and deep, Awakening souls from slumber sleep, Creating space for hearts to grow, As rhythm continues to flow. Saxophone burning amber bright, Adding warmth to cool night, Emotional tones touch the soul, Making broken spirits whole. The Brass Tones bring their radiant sound, To anxious crowds gathered round, Seeking solace in the beat, Making their lives feel complete. Brightness piercing through the gloom, Filling every corner of the room, No shadows can remain for long, When we're dancing to this song. Polished metal catching light, Reflecting movements of the night, Visual harmony with sound, As bright tones spread around. When morning comes and night recedes, The brightness still meets our needs, Brass Tones shining through the day, Keeping darkness far away."
The Two Steppers,Forward Back,2000,ska,"One step forward two steps back, Following the rhythm track, Moving with a steady pace, Smile upon my sweating face. The Two Steppers know the dance, Taking every offered chance, To show the world how it's done, Having nothing but pure fun. Progress isn't always straight, Sometimes we must hesitate, Retreating to advance again, Following the rhythm's zen. The contradiction in the move, Stays within the skanking groove, Backward motion leading to, Places we never knew. The dance floor becomes a map, Of every forward backward gap, Navigating through the space, At our own determined pace. One step forward opens doors, Two steps back explores the floors, We've previously danced upon, Before the moment's gone. The Two Steppers understand, Movement across this rhythmic land, Isn't measured in linear ways, But in how the spirit plays. Forward back and back again, The pattern makes the dancer grin, Knowing that the path is clear, Even when it's nowhere near."
Skank Masters,Professor Skank,1993,ska,"Professor Skank will teach you well, The history that time will tell, Lessons learned through rhythm and beat, Education never felt so sweet. The Skank Masters hold their doctorate, In rhythms you cannot forget, Years of study and practice shown, In every beat they've grown. Advanced degrees in offbeat hits, Knowledge that precisely fits, The needs of students gathered round, Hungry for authentic sound. The lecture hall a dance floor now, As Professor Skank takes a bow, Before beginning today's class, That no student dares to pass. Textbooks filled with charts and notes, Analysis of famous quotes, From pioneering ska musicians past, Building legacies that last. Field research across the globe, Every rhythm they disrobe, Understanding cultural context deep, Secrets they no longer keep. Professor Skank asks questions hard, Keeping every student on guard, Testing knowledge with every beat, Accepting nothing like defeat. When graduation day arrives, Each student skillfully survives, Taking knowledge into the world, With skanking flags unfurled."
The Uptempos,Speed It Up,1998,ska,"Speed it up now don't be slow, Let the tempo freely flow, Faster moves and quicker beats, Taking rhythm to the streets. The Uptempos push the pace, Setting an exhilarating race, Against the laziness of time, Making every moment prime. Heartbeats quicken with each note, As we collectively devote, Our bodies to this frantic sound, Refusing to stay on the ground. Double-time the drummer plays, Creating new exciting ways, To experience the classic skank, For which we give our thanks. Breathlessly we try to keep, The pace that will not let us sleep, Adrenaline our only fuel, As we break every rule. Speed it up until we fly, Reaching for the distant sky, Limitations left behind, Freedom for the searching mind. The Uptempos never rest, Always putting to the test, How fast a body can still move, While staying in the groove. When others say slow down relax, We respond with quick attacks, Of rhythm flowing ever fast, Creating moments that will last."
Brass Attack,Sound The Alarm,2005,ska,"Sound the alarm the ska's on fire, Building the beat higher and higher, Trumpets blaze and trombones wail, The power of this sound won't fail. Brass Attack brings emergency beat, Rising temperatures create intense heat, Warning signals fill the air, Creating moments beyond compare. The evacuation onto the floor, As dancers demand more and more, Finding safety in the sound, As danger rhythmically surrounds. Sirens wailing through the night, Brass instruments shining bright, Red alerts flash everywhere, But panic transformed to dancing flair. Sound the alarm gather the crews, Emergency rhythm spreads the news, That something powerful this way comes, As everyone succumbs. The fire of passion burning strong, Throughout this powerful song, Containing blaze within the beat, Making the evacuation complete. When morning comes the embers glow, Reminder of the night's great show, Brass Attack's alarm still rings, In ears and hearts and other things. Memories of danger faced, As across the floor we raced, Responding to the brass alarm, That did much more good than harm."
Rude Squad,Unity Crew,1990,ska,"Unity crew coming through, Showing you what ska can do, Black and white and in between, The finest sound you've ever seen. Rude Squad marching side by side, Nothing left for us to hide, Different backgrounds different views, United by these rhythm blues. The checkerboard our battle flag, Spirits that will never lag, Moving forward as a team, Living out the unity dream. When society tries to divide, We stand together with pride, Showing how it should be done, Having nothing but pure fun. Music bridges every gap, No matter what's on any map, Cultural differences dissolved, When in this rhythm we're involved. Rude Squad breaks down every wall, As together we stand tall, Black and white keys on the same board, Creating harmony chord. When others choose to separate, We firmly choose to integrate, Knowing that we're stronger still, When united by the same will. The Unity Crew keeps marching on, Following where legends have gone, Creating paths for those behind, New unity trails to find."
The Skank Bank,Rhythm Savings,2002,ska,"Deposit rhythms in the skank bank, Collecting interest with each prank, Your investment in this sound, Will pay off when the beat comes round. The Skank Bank offers high returns, As the dance floor brightly burns, With movements that accumulate, Value that we appreciate. Saving up our energy, For when the horns sound urgently, Calling us to spend our moves, As the rhythm deeply grooves. Compound interest day by day, As more and more begin to play, This banking system built on sound, Where everyone's credit worthy found. Rhythm savings never lost, Regardless of the worldly cost, Financial security through beat, Making our lives feel complete. The Skank Bank's open all night long, Accepting deposits of dance and song, No minimum balance to maintain, Just passion that will never wane. When hard times come and spirits fall, The Skank Bank answers every call, Providing loans of pure delight, Getting through the darkest night. Asset management through dance, Taking every rhythmic chance, To build a more secure tomorrow, Free from unnecessary sorrow."
Checkered Past,Looking Back,1996,ska,"My checkered past is on display, The black and white of yesterday, Looking back but moving on, Dancing till the break of dawn. Checkered Past brings history alive, Ensuring traditions survive, While creating new pathways clear, For the future drawing near. The pattern of our lives revealed, Nothing left to be concealed, Transparency in every beat, Making the circle complete. Sometimes dark sometimes light, Shifting patterns day and night, The contrasts make it interesting, As memories come ring. Looking back provides the ground, For where new rhythms can be found, Building on what came before, Opening previously closed doors. The checkered flag waves in the air, Signaling finish with special flair, But really it's a brand new start, Racing toward an open heart. History repeats but always new, With different perspectives coming through, The same pattern different view, Creating something fresh and true. Our checkered past won't hold us back, It's just another rhythm track, To skank along with heads held high, Reaching for the endless sky."
Kingston Committee,Island Meeting,1988,ska,"The committee calls this meeting now, To discuss the way and how, Island rhythms should be played, Traditions must not be betrayed. Kingston Committee takes the floor, To preserve forevermore, The authentic island sound, Where ska's roots can still be found. Order order hear the call, As members gather in the hall, Official business to conduct, Musical laws to construct. Motions made and seconded quick, As rhythms find their perfect tick, Passing measures that protect, The sounds that we all respect. Documents officially sealed, As traditional forms revealed, Guidelines for the pure ska sound, Where truth and beauty can be found. Island meeting now convenes, Behind the bureaucratic scenes, Passion for the music burns, As the committee deeply yearns. To keep alive what matters most, From Jamaica's rhythmic coast, The heartbeat of a nation proud, Speaking beautiful and loud. When the meeting is adjourned, Lessons have been duly learned, Kingston Committee stands for all, Who answer to tradition's call."
The Uprights,Stand Tall,2004,ska,"Stand tall with pride and might, The beat will guide you through the night, Upright posture upright soul, Letting go of all control. The Uprights demonstrate the form, That helps us weather any storm, Backbone straight and head held high, Reaching for the distant sky. Standing up for what we love, Rhythm coming from above, Refusing to be beaten down, By the pressures all around. Vertical when others fall, Answering the righteous call, Standing ground when challenged hard, Always keeping up our guard. The upright bass keeps perfect time, As lyrics flow with every rhyme, Standing tall among the crowd, Making music true and proud. Posture reflects inner strength, Going to any length, To show the world our true belief, In music that brings sweet relief. Standing room only tonight, Everyone feeling upright, Bodies straight but spirits free, Dancing with pure energy. When morning comes we'll still stand tall, Having answered rhythm's call, The Uprights leading by example, Providing beats for all to sample."
Brass Monkey Business,Serious Fun,1999,ska,"This brass monkey business is serious fun, We won't stop till the day is done, Playing hard and standing strong, Join us as we move along. Mischievous but with purpose clear, Creating sounds both far and near, The business of joy our main trade, Investments that will never fade. Brass instruments the tools we use, To chase away the daily blues, Monkey energy wild and free, Creating pure cacophony. But serious skill lies underneath, The playful sounds that we bequeath, Years of practice discipline tight, Making everything feel right. The contradiction understood, By those who know just how we could, Be both professional and wild, Simultaneously reconciled. Brass Monkey Business knows the way, To make work feel like endless play, While maintaining standards high, Reaching for the distant sky. The corporate brass and primal joy, Combined in sounds we all employ, To break the mundane daily chains, While serious skill remains. So join our company today, Let rhythm lead you all the way, To where the serious and fun unite, Creating magic day and night."
Skanktified,Approved Beat,2001,ska,"This beat has been skanktified, Officially approved and verified, Quality control passed with ease, Now all we ask is dance with me please. Skanktified brings the certified sound, Guaranteed to move bodies around, Meeting regulations passing each test, Officially declared the very best. The rhythm inspectors have signed off, Giving approvals that won't wear off, Standards met and often exceeded, Everything the dance floor needed. The verification process complete, Nothing left but to move your feet, To this government approved groove, Designed to make your spirit move. Skanktified takes responsibility, For maintaining dance credibility, Each note checked for quality twice, Making sure everything feels nice. The rubber stamp of approval shows, This rhythm legitimately flows, Authenticated by the powers that be, Setting captive dancers free. So trust this beat without doubt, The certification leaves no room to pout, Skanktified delivers guaranteed, Everything your body could need. When others offer imitation sound, Remember which beat has been crowned, With official approval and perfect mark, Illuminating rhythms in the dark."
The Rudematics,Automatic Style,1992,ska,"Automatic style with rudeboy grace, Setting the perfect pace, Mechanically moving to the beat, Programming rhythms for your feet. The Rudematics operate with precision, Every move a perfect decision, Calculated steps that never fail, As across the floor we sail. The system runs without flaw, Following each rhythmic law, Designed for maximum efficiency, Creating dancehall sufficiency. Machine-like movements seem inhuman, But underneath emotions blooming, The paradox of measured passion, Setting the automatic fashion. Rudeboy programming deep inside, Nothing left for us to hide, The code compiled without error, Dancing without a hint of terror. Automatic doesn't mean mindless, In fact our purpose filled with kindness, The mechanism serves the heart, Technology and soul never apart. When the system starts to run, The Rudematics' work is never done, Until the dance floor overflows, With rhythmic energy that grows. The automation of our style, Makes the purists smile, Consistency in every beat, Making the package complete."
Two-Tone Army,March Along,1997,ska,"Two-tone army marching through, Black and white and tried and true, Join our ranks and march along, United by this skanking song. The soldiers dressed in sharpest suits, Polished shoes and porkpie boots, Moving forward as a force, Staying true to righteous course. The battlefield a dance floor now, As we show the people how, To fight division with unity, Creating perfect harmony. The trumpet signals our advance, As eager bodies start to dance, The drummer keeping perfect time, As lyrics flow with every rhyme. Two-tone army stands for all, Who answer to the rhythm call, Different colors side by side, Nothing left for us to hide. The struggle fought with horns not guns, Battles won when day is done, Victory measured in smiling faces, As the crowd moves through their paces. Our secret weapon is the beat, That gets all people on their feet, Regardless of which side they're on, Dancing until the war is gone. So join our two-tone army strong, March beside us move along, The only banner that we wave, Is harmony we truly crave."
The Upswing,Rising Tide,2006,ska,"Feel the upswing of the beat, Rising tide beneath your feet, Higher climbs this skanking sound, Lifting spirits all around. The pendulum has reached its peak, Momentum strong no longer weak, Economic growth of dancing joy, Resources we all employ. Indicators pointing high, Reaching for the endless sky, The recession of sadness gone, As rhythm carries everyone on. The Upswing brings prosperity, To this dancing community, Investments in the beat pay off, As worries melt and troubles soft. Rising tide lifts every boat, Keeping all of us afloat, On this sea of pulsing sound, Where financial peace is found. The graph of happiness ascends, As around each corner bends, New pathways toward elation, Through rhythmic celebration. Bears become the bulls tonight, As the dance floor feels just right, Market trends all positive, Nothing negative to give. So ride this upswing while it lasts, Forgetting troubles of the past, The forecast shows continued growth, As to this rhythm we're both loath."
Brass Tactics,Strategic Skank,1994,ska,"Strategic skank executed with care, Tactical moves beyond compare, Brass tactics planned to perfection, Guiding this rhythmic insurrection. The battlefield assessed with skill, As horns begin to fill, The air with sounds of coming storm, As dancers start to swarm. The general gives his orders clear, To soldiers skanking far and near, Formation tight precision moves, As the rhythm deeply grooves. Flanking maneuvers catch the crowd, As trumpets blast so loud, Surrounding them with walls of sound, Until surrender's found. Brass Tactics understand the art, Of capturing every heart, Through calculated strategic play, Winning hearts day by day. The enemy is apathy, The weapon pure energy, The mission critical indeed, For rhythm all souls need. Intelligence reports confirm, The target's reached the term, Where intervention will succeed, Filling universal need. The tactical approach ensures, That victory endures, Beyond this single battle won, Until all wars are done."
Rudie's Revenge,Getting Even,2003,ska,"Rudie's revenge is sweet tonight, Setting all the wrongs to right, Getting even with the beat, Making history in the street. The payback for years of pain, Comes through this sweet refrain, Justice served through rhythm pure, Creating wounds that time will cure. Revenge not taken out of hate, But to righteously create, A balance to the universe, Through poetry and verse. Rudie's anger channeled well, Into stories that we tell, Through trumpet trombone saxophone, Seeds of harmony are sown. Getting even doesn't mean, Creating new wounds fresh and clean, But healing those from yesterday, As we dance and play. The score is settled through the sound, As bodies move around, The dance floor seeking recompense, Through musical experience. The ledger balanced perfectly, Through rhythmic energy, Debts repaid with interest high, Reaching for the endless sky. When morning comes the slate wiped clean, No bitterness left to be seen, Rudie's revenge complete at last, Healing wounds from the past."
The Upsiders,Other Side,1991,ska,"From the other side of town, Where the skanking beats come down, We bring unity through sound, Spreading joy all around. The Upsiders cross the tracks, With rhythms on our backs, Showing that music knows no bounds, As throughout the city it sounds. The side you're from doesn't matter, When the beat begins to scatter, Preconceptions of your worth, Giving new ideas birth. Outsiders now welcomed in, As the dancing does begin, Barriers falling one by one, Until divisiveness is done. From the other side we came, Playing this rhythmic game, By different rules that liberate, Rather than just separate. The Upsiders understand well, The stories that walls tell, So we break them with our sound, Until no obstacles are found. When the music finally fades, And the night slowly cascades, Into morning fresh and new, Perspectives changed and true. The other side no longer far, As under the same stars, We realize we're all the same, Playing in this rhythmic game."
Skank Division,Units of Rhythm,1998,ska,"Skank division calculating moves, Finding rhythm in the grooves, Mathematical precision beats, Marching orders for your feet. Dividing time into perfect segments, Creating danceable increments, The science of subdivided sound, Where perfect harmony is found. Units of rhythm carefully arranged, So that souls can be exchanged, In this transaction of pure joy, That we collectively employ. The numerator carries the weight, Of melodies that captivate, While denominators ground the beat, Making equations complete. Skank Division shows their work, Leaving nothing in the murk, Each calculation clear to see, In this rhythmic odyssey. Division isn't separation here, But bringing everything near, Through shared understanding of, The beats that we all love. Factoring in every instrument, Until the sound is heaven-sent, Multiplying pleasure through the night, Until everything feels right. The mathematics of the skank, For which we give our thanks, Complex formula simple joy, That time can never destroy."
Brass Roots,Foundation Sound,2000,ska,"Back to brass roots digging deep, Ancestral rhythms that we keep, Foundation sound from days gone by, Lifting spirits to the sky. The Brass Roots connect us to, Traditions tried and true, Jamaican beats from long ago, That helped this music grow. Excavating sonic history, Uncovering the mystery, Of how these sounds came to be, Setting dancing spirits free. The foundation strong and sure, Authenticity so pure, Building blocks of movement laid, Ensuring traditions never fade. Archaeological expedition, Finding rhythmic ammunition, To combat music mass-produced, With genuine sounds introduced. The roots grow deep and spread out wide, Nothing left for us to hide, Connected to something profound, This foundation sound. Generations linked through beat, When young and old together meet, On the dance floor moving as one, Until the evening's done. Brass Roots keep alive the flame, Ensuring nothing stays the same, Except the soul that underlies, These rhythms that we prize."
The Upstarts,Fresh Beginning,1995,ska,"Fresh beginning brand new sound, Revolutionary beats abound, The upstarts bringing change tonight, Fighting darkness with delight. Young blood with fresh ideas flow, Taking ska where it hasn't gone, Breaking rules with conscious thought, Creating sounds that can't be bought. The establishment shakes with fear, As The Upstarts draw near, Challenging norms destroying molds, Stories new replace the old. Fresh beginning means a chance, To lead music in a brand new dance, Evolution through the sound, As new pathways can be found. The uprising starts with beats, Taking rhythm to the streets, Grassroots movement spreading fast, Ensuring these changes last. Youth energizing tired forms, As musical revolution storms, The gates of what we thought we knew, Bringing perspectives fresh and new. The manifesto clearly states, That tradition appreciates, While forging bold new ground, Through this revolutionary sound. The Upstarts stand for progress pure, Creating sounds that will endure, Fresh beginning here today, Leading music a brand new way."
Rude Mechanics,Working Class Skank,2002,ska,"Working class skank with greasy hands, Building beats that understand, The daily grind and how it feels, When the weekend finally heals. Rude Mechanics know the score, Having worked the factory floor, Blue collar rhythm blue collar soul, Dancing makes the person whole. The tools we use to build these sounds, Create foundations solid grounds, For communities to unite, Dancing through the night. Calloused hands and tired feet, Find new energy in the beat, Monday through Friday we persist, Then weekend dances can't be missed. Working class heroes dressed in suits, Polished shoes and porkpie boots, Transformation now complete, As we take control of the street. The labor movement has a sound, When Rude Mechanics come around, Union strong with rhythm proud, Standing out among the crowd. The sweat of honest work remains, As through our music it explains, The dignity in daily toil, That the weekend can't despoil. Clock out Friday night with haste, Not a moment more to waste, The working week behind us now, To the music we all bow."
The Checkerboards,Pattern Play,1989,ska,"Pattern play in black and white, Creating magic in the night, Checkerboard moves that never fail, As rhythm and unity prevail. The Checkerboards demonstrate the way, That opposites together play, Creating something more profound, Than either could alone have found. Alternating colors keep time, With every beat and every rhyme, Visual representation clear, Of the harmony we hold dear. The dance floor seen from up above, Reveals patterns made with love, Bodies moving black and white, Under the club's dim light. Mathematical precision sound, As checkerboard patterns abound, Perfect squares of equal size, Where rhythm truly lies. The game of kings brought to the floor, As dancers ask for more and more, Strategic movements planned with care, Creating moments beyond compare. The pattern spreads throughout the room, Dispelling any sense of gloom, Infectious rhythm catches all, Who answer to its call. When morning comes the pattern fades, Into memory's different shades, But The Checkerboards have shown the way, That unity and rhythm play."
Brass Buttons,Hold It Together,2005,ska,"Brass buttons holding it together, Through all kinds of weather, Fastened tight and looking right, Keeping the groove secure tonight. The uniform of ska complete, As rhythms fill the street, Everything in perfect place, Moving with unstoppable grace. These buttons more than mere d√©cor, They represent something more, The structure that gives freedom space, To move with style and grace. Polished metal catching light, Reflecting movements of the night, Functional yet fashionable too, Representing something true. Brass Buttons understand the need, For structure as we proceed, Through rhythmic explorations deep, Promises we aim to keep. Holding it together when, Chaos threatens once again, These fasteners secure and true, Allow the music to break through. The metaphor extends beyond, The clothing to which we've grown fond, Security in rhythm found, As brass and beat surround. When under pressure buttons pop, And inhibitions finally drop, Revealing what was held inside, With nothing left to hide."
The Uptick,Rising Numbers,1997,ska,"See the uptick in the charts, As ska music fills our hearts, Rising numbers can't deny, This rhythm makes you feel alive. The statistics clearly show, The popularity will grow, Exponential rhythm rise, Taking everyone by surprise. Analysts predict sustained, Growth that can't be contained, As this musical phenomenon, Continues moving on and on. The Uptick brings the data clear, For everyone to see and hear, Market penetration deep, Momentum strong and steep. Rising numbers day by day, As more people find the way, To this infectious dancing beat, Making their lives complete. The graph points toward the sky, As popularity climbs high, Critical mass nearly reached, As further audiences breached. When projections are released, Showing growth has not yet ceased, Investors in the rhythm smile, Knowing it was all worthwhile. The Uptick validates what we, Have known with certainty, This music rises from the heart, And that's the strongest start."
Skank Operators,Manual Override,1993,ska,"Skank operators taking control, Programming rhythms for your soul, Manual override engaged, As dancing fever takes the stage. Technical skill with practiced hands, Meeting all rhythm demands, Controlling systems with precision, Each movement a perfect decision. The machinery of the beat, Generates heat beneath our feet, As operators work the boards, Creating sounds that strike chords. Manual override allows, Creativity that wows, Breaking automated routines, Creating new dancing scenes. Skank Operators understand the way, That technology and heart play, Together creating something more, Than either had alone before. The control room filled with gauges bright, Monitoring rhythms of the night, Adjustments made with careful touch, Never too little never too much. System errors quickly fixed, As tempos skillfully mixed, Creating seamless transitions sound, As dancers move around. The operation runs all night, Everything feeling just right, Thanks to those behind the scenes, Making sure the rhythm means."
Rudimentary Beats,Basic Skank,2001,ska,"Rudimentary beats keep it simple and clean, The basic skank is all we need, Fundamental moves and pristine sound, The essence of ska found. Back to basics stripping away, Complications of the day, Finding power in the pure, Rhythms that will long endure. Elemental forces combined, Creating beats one of a kind, Primordial rhythm calling all, To answer to its primitive call. The building blocks of sound arranged, In patterns tried and never changed, Since the earliest days when, Ska first captivated men. Rudimentary doesn't mean plain, Or lacking in emotional terrain, Sometimes the simplest things provide, The deepest feelings previously denied. The basic skank contains it all, Everything we need to enthrall, The masses with uncomplicated joy, That time can never destroy. When trends and fads have come and gone, This rhythm will continue on, Rudimentary beats survive, Keeping ska traditions alive. The foundation solid and true, Allows creative pathways new, While honoring what came before, Opening previously closed doors."
The Uprisers,Revolution Beat,1998,ska,"Revolution beat rising up, Filling hope in every cup, The uprising starts tonight, Dancing toward the morning light. The Uprisers take the stage, Turning rhythm into rage, Controlled and channeled for the good, Of the entire neighborhood. The manifesto clearly states, That dancing liberates, Bodies minds and spirits too, Creating something fresh and new. Revolution doesn't always need, Violence to succeed, Sometimes rhythm is enough, To help people break through the rough. The uprising grows in strength, Going to any length, To spread the message far and wide, With nothing left to hide. Political statements through the beat, Taking protests to the street, Democracy in dancing found, As revolution sounds around. The old regime cannot withstand, The power of this skanking band, Systems crumble walls fall down, When The Uprisers come to town. Liberty through rhythm attained, As the status quo is strained, Breaking chains that held us back, Through synchronized heart attack. The revolution has begun, And won't be done until we've won, Freedom through this dancehall sound, Revolution all around."
Brass Ensemble,Coordinated Sound,2004,ska,"Coordinated sound precision tight, Brass ensemble shining bright, Every note in perfect place, Rhythmic unity and grace. The orchestra of ska tonight, Performing with all their might, Harmonious arrangement flows, As the dancing fever grows. Brass Ensemble demonstrates the way, That many voices together play, Creating symphony profound, In this coordinated sound. The conductor waves his hands with care, As rhythms fill the air, Leading this precision team, To heights they've never been. Each musician knows their part, Playing from both head and heart, Individual talents combined, Creating something one of a kind. The trumpet soars the trombone glides, The saxophone alongside, Bass and drums keep perfect time, As dancers move in pantomime. Years of practice come to this, Creating moments of pure bliss, When everything aligns just right, Under the concert hall's light. Brass Ensemble takes a bow, Having shown the audience how, Coordination creates art, That speaks directly to the heart."
Skankchronized,Perfect Timing,1990,ska,"Skankchronized with perfect time, Every movement so sublime, Synchronized to every beat, Making rhythm so complete. The dancers move as one tonight, Everything feeling just right, Mechanical precision found, As rhythms fill the ground. The clockwork of our hearts aligned, With beats both rough and refined, The gears engage without a slip, As through the night we skip. Perfect timing never fails, When Skankchronized prevails, Chronometers set to the sound, That keeps us spinning round. The metronome of life keeps pace, As dancers find their space, In perfect synchronicity, Moving with electricity. Time signature dictates the flow, As bodies come and go, Across the floor in patterns planned, Or spontaneously unplanned. The paradox of measured chaos, Is what the band displays, Precision that allows for flight, Throughout this wild night. The chronograph records the time, That dancers spend in rhythmic rhyme, Perfect memories that last, Long after the night has passed."
The Rude Agenda,Day Planner,1996,ska,"The rude agenda for today, Is dance and skank and play, Scheduled fun around the clock, As the horns begin to talk. The day planner filled with beats, As rhythm fills the streets, Appointments made for dancing joy, That nothing can destroy. The Rude Agenda understands time, Is precious in its design, So every moment must be used, For rhythms enthusiastically infused. The itinerary clearly states, That no one longer waits, For permission to feel free, Through skanking energy. Priority tasks involve motion, Total physical devotion, To the beat that never fails, When the trumpet wails. The calendar marked with events, Where dancing implements, The strategy for pure elation, Through rhythmic celebration. Business meetings on the floor, As executives explore, How rhythm improves the bottom line, Making everything feel fine. The Rude Agenda's daily plan, Helps everyone who can, Find time for what truly matters, When the rest of life just shatters. When the day comes to end, New schedules to attend, Tomorrow's agenda already set, With rhythms we won't forget."
Checkerboard Champions,Victory Skank,2003,ska,"Checkerboard champions take the prize, As victory sounds fill the skies, Triumphant horns announce our win, Let the celebration begin. The trophy raised with pride tonight, Everything feeling just right, Champions of the skanking world, With victory flags unfurled. The competition never stood chance, Against our rhythmic dance, Superior in every way, From the moment horns did play. Checkerboard Champions stand tall, Having answered victory's call, The winners circle feels like home, As through the crowd we roam. The victory skank begins right now, Taking center stage to show them how, Champions move with special grace, Always setting the perfect pace. The medal round our necks displayed, For the music that we played, Recognition of our rhythmic skill, That always gives a special thrill. Opponents gracious in defeat, Acknowledge that they can't compete, With sound so perfectly refined, Championship one of a kind. The history books record this day, When Checkerboard Champions led the way, To rhythmic heights previously unknown, Setting standards newly shown."
The Upmarket,Premium Beats,1991,ska,"Upmarket sounds of premium grade, The finest rhythms ever made, Quality ska at any price, Makes everything feel nice. Luxury beats for discerning ears, Vintage sounds from bygone years, Expertly crafted with special care, Creating moments beyond compare. The Upmarket offers exclusive sound, Not commonly found around, Investment pieces that will last, Long after trends have passed. Premium quality comes at cost, But nothing valuable is lost, When rhythm reaches this high plane, Never to be the same. Designer labels matter less, Than the feeling we possess, When dancing to these elite beats, As everyone in the club meets. The upscale venue dressed to impress, As dancers arrive in their best, Ready for premium experience, That justifies every expense. The Upmarket cultivates taste, Not a single note laid waste, Curated sounds that elevate, The soul to a higher state. When others settle for the mass-produced, The Upmarket has introduced, Bespoke rhythms tailor-made, Quality that will never fade."
Brass Ceiling,Breaking Through,1999,ska,"Breaking through the brass ceiling tonight, Showing them our skanking might, No limit to how high we'll climb, One beat one rhythm at a time. The obstacles that blocked our way, Fall as trumpets start to play, Glass ceilings cannot withstand, The power of this skanking band. Brass Ceiling knows the struggle well, Having stories they could tell, Of being held back for too long, Until they wrote this breaking song. The barriers begin to crack, As horns launch their attack, Shattering limitations placed, By those who never faced. The challenge of rising above, Through nothing but rhythm and love, Breaking systems that constrain, The music in our veins. Promotion through persistent sound, As new pathways can be found, For voices previously suppressed, Now powerfully expressed. The hierarchy starts to shake, As these new sounds awake, The audience to possibilities, Beyond what anyone sees. When the ceiling finally breaks, And the entire structure shakes, Freedom found in falling brass, As into new realms we pass."
Rude Interruption,Pardon Me,2002,ska,"Rude interruption pardon me, But this is something you must see, The rhythm's calling loud and clear, The time for skanking now is here. Excuse the sudden interjection, This requires your attention, The beat cannot wait any more, It's knocking down your door. Forgive us for disturbing you, But this message must get through, The horns are playing your sweet name, Nothing will be the same. Rude Interruption breaks the norm, As musical winds begin to storm, Disrupting patterns of the day, With rhythms that won't delay. The conversation must give way, To what these dancing feet must say, Priorities rearranged with haste, Not a moment more to waste. Pardon me for stepping in, But it would surely be a sin, To let you miss this perfect beat, That makes life feel complete. The interruption justified, With nothing left for us to hide, When rhythm calls with urgent voice, There really is no choice. So pardon me for breaking through, But this message is for you, The dance floor beckons loud and strong, So join us move along."
The Upbeats,Positive Skank,1994,ska,"Positive skank with hopeful sound, Spreading good vibes all around, Upbeat message in every note, Keeping the spirit light and afloat. Optimism through the beat, Making every day feel sweet, The Upbeats bring their sunshine bright, Chasing shadows into light. When others focus on the dark, The Upbeats make a positive mark, Showing that joy can still be found, When rhythms properly surround. The glass always half full for those, Who let this beat get close, Transforming outlook day by day, As horns begin to play. Positive energy fills the space, As dancers find their place, In this uplifting atmosphere, Where troubles disappear. The power of positive sound, Cannot be overly renowned, Healing properties in each beat, Making recovery complete. The medicine of rhythm pure, For ailments that endure, Beyond what doctors understand, The healing is at hand. So let The Upbeats lift your mood, With rhythms carefully brewed, To maximize your happiness, And minimize distress."
Skank Sinatra,Classy Moves,2006,ska,"Classy moves with style and grace, Setting the perfect pace, Like Sinatra smooth and cool, Breaking every skanking rule"
Brass Polish,Shine It Up,1988,ska,"Brass polish makes it shine so bright, Gleaming through the darkest night, Clean and clear these horns will play, Chasing all your blues away"
The Uptempo Crew,Speed Skanking,2000,ska,"Speed skanking at a frantic pace, Winning this rhythmic race, Faster moves than ever before, Always leaving you wanting more"
Checkered Flag,Victory Lap,1997,ska,"Checkered flag waves in the night, Victory lap feeling right, The race is won the sound is pure, This rhythm will endure"
Rude Behavior,Social Skills,1992,ska,"Rude behavior breaking norms, As the ska storm forms, Social skills thrown to the wind, Let the real dance begin"
The Upward Spiral,Rising Higher,2003,ska,"Upward spiral never ends, As the rhythm upward trends, Rising higher than before, Always reaching for more"
Brass Fundamentals,Basic Elements,1995,ska,"Brass fundamentals form the core, Of the sound we all adore, Basic elements combined, Creating rhythms one of a kind"
Skank Protocol,Proper Form,1999,ska,"Skank protocol must be observed, Proper form must be preserved, Follow steps with careful pride, Let the rhythm be your guide"
The Rudeologists,Study of Ska,2001,ska,"Rudeologists study with care, The history that brought us here, Academic skanking sound, New discoveries to be found"
Checkered History,Black And White Past,1989,ska,"Checkered history in black and white, Stories of rhythm day and night, The past is patterned like the floor, On which we dance forevermore"
The Uprising,Stand Together,2005,ska,"The uprising starts with a beat, Uniting people in the street, Stand together skank as one, Until our work is done"
Brass Ring,Reach For It,1996,ska,"Reach for the brass ring spinning round, Grab hold of this precious sound, Achievement waits for those who try, Skanking toward the prize"
Rudimentary Peni,First Steps,1993,ska,"First steps into the world of ska, Learning how to go far, Rudimentary moves to start, Building rhythm in your heart"
The Upscale,Fancy Footwork,2000,ska,"Upscale moves with fancy feet, Dancing down the finest street, Sophisticated skank tonight, Everything is feeling right"
Skank Exchange,Trading Beats,1998,ska,"Trading beats at the skank exchange, A marketplace of rhythms strange, Value rising with each trade, Investment in the sounds we've made"
Brass Monkey,Cold Night,2002,ska,"On this cold night we warm our souls, With brass sounds from the monkey bowl, Freezing outside but hot within, Let the skanking now begin"
The Rude Guests,Overstaying,1990,ska,"The rude guests are here to stay, Not leaving till the break of day, Overstaying our welcome true, Bringing ska rhythms just for you"
Checkerboard Riot,Pattern Chaos,2004,ska,"Checkerboard riot breaking loose, Pattern chaos is now produced, Order and mayhem hand in hand, As ska sweeps across the land"
The Upturn,Better Days,1991,ska,"The upturn brings better days ahead, As the rhythm fills with hope instead, Of the darkness that came before, Skanking toward an open door"
Brass Tax Season,Pay The Beat,1997,ska,"Brass tax season comes each year, Time to pay the beat my dear, Revenue of rhythm sound, Being collected all around"
Skank Accountants,Adding It Up,2001,ska,"Skank accountants adding it up, Rhythm assets filling our cup, Balance sheets of pure delight, The numbers dance into the night"
The Rudemary,Herbal Skank,1994,ska,"Herbal skank with spicy beat, Making movements extra sweet, Seasoned sounds for your delight, Flavorful rhythm feels just right"
Uptown Special,City Lights,1999,ska,"Uptown special under city lights, Urban ska through starry nights, Metropolitan rhythm and beat, Dancing down the concrete street"
Brass Standards,Quality Control,2003,ska,"Brass standards require the best, Quality control is our test, Meeting benchmarks set so high, On these rhythms we rely"
The Checkmates,Strategic Dance,1988,ska,"Strategic dance like a chess game, Movement with a specific aim, Checkmates planned in advance, Winning through this skanking dance"
Rude Health,Feeling Fine,1995,ska,"Rude health and feeling fine, Dancing down the thin white line, Physical motion keeping fit, As these ska beats perfectly hit"
The Upside,Positive Charge,2002,ska,"Looking at the upside with positive charge, Horizons growing wide and large, Optimistic skank tonight, Future's looking bright"
Skanking Sailors,Seven Seas,1992,ska,"Skanking sailors roam the seven seas, Dancing with the ocean breeze, Nautical rhythms guide our way, As we skank through night and day"
Brass Monkeys,Arctic Skank,1998,ska,"Arctic skank with frozen beat, Moving fast to generate heat, Brass monkeys playing through the cold, Warming spirits young and old"
The Rudiments,Basic Training,2004,ska,"Rudiments taught with basic training, Fundamental beats explaining, Learn the steps to skank just right, Practice makes perfect tonight"
Checkered Cabs,City Ride,1990,ska,"Checkered cabs provide the ride, Through city streets both far and wide, Transportation with a beat, Taking rhythm to the street"
The Uptake,Quick Learning,1996,ska,"Quick learning with immediate uptake, These rhythms are easy to make, Understanding ska with ease, Moving naturally as you please"
Brass Rubbing,Impression Beat,2001,ska,"Brass rubbing makes an impression true, Transferring rhythms straight to you, Ancient patterns brought to life, Cutting through daily strife"
Skanking Monks,Sacred Rhythm,1993,ska,"Sacred rhythm from skanking monks, Spiritual sounds in holy funk, Devotion through movement found, Creating consecrated sound"
The Rude Scholars,Academia,1999,ska,"Rude scholars from academia, Creating rhythmic encyclopedia, Knowledge through the power of skank, For this education we give thanks"
Brass Masterclass,Expert Level,2005,ska,"Brass masterclass at expert level, Taking ska beyond the devil, Advanced techniques of highest form, Setting a new performance norm"
The Upcomers,New Generation,1991,ska,"New generation with fresh perspective, Upcomers with objectives, Taking ska to places new, Showing what these beats can do"
Checkerboard Kids,Young Skankers,1997,ska,"Checkerboard kids with youthful bounce, Energy they cannot renounce, Young skankers with passion pure, Creating sounds that will endure"
Rude Discoveries,Finding Rhythm,2000,ska,"Rude discoveries of rhythm and beat, Finding treasures so complete, Exploration of the ska terrain, Never to be the same again"
The Upholders,Tradition Keepers,1994,ska,"Upholders of tradition stand true, Keepers of the ska they knew, Preserving beats from yesterday, Ensuring classic styles will stay"
Brass Horizons,New Frontiers,2002,ska,"Brass horizons stretching far, Under every distant star, New frontiers of sound await, As these rhythms we create"
Skank Crusaders,Rhythm Quest,1988,ska,"Skank crusaders on a rhythm quest, Putting ska to the ultimate test, Mission to spread this sound worldwide, With every step and every stride"
The Rudentary,Elementary Beat,1995,ska,"Elementary beat so pure and clean, The rudentary makes it seem, So simple yet complex inside, Basic rhythms amplified"
Checkered Vision,Pattern Sight,2003,ska,"Checkered vision sees patterns clear, Black and white both far and near, Sight aligned with rhythm true, Perspective old and new"
The Updraft,Rising Heat,1989,ska,"Rising heat creates updraft, Lifting spirits with ska craft, Thermal currents take us high, Dancing upward to the sky"
Brass Polish,Shine The Sound,2000,ska,"Polish makes the brass so bright, Shining sound through darkest night, Cleaning up our rhythmic act, Making sure our beats exact"
Rude Operators,Running Things,1996,ska,"Rude operators running things tonight, Making sure the sound's just right, Technical skill with rhythmic touch, Giving fans what they love so much"
The Upward Graph,Success Curve,2004,ska,"Upward graph shows success curve, Popularity we truly deserve, Statistics rising with each beat, Making our success complete"
Skanking Doctors,Rhythm Cure,1992,ska,"Skanking doctors with rhythm cure, Making sure your health is pure, Prescribing beats for what ails you, Ska therapy through and through"
Brass Ensemble,Symphony Skank,1998,ska,"Symphony skank orchestrated with care, Harmony filling the air, Ensemble playing as one tight crew, Classical ska both old and new"
The Rudimentals,Foundation Work,2001,ska,"Foundation work must be done right, Building rhythm day and night, Rudimentals strong and true, Creating sounds both old and new"
Checkered Floors,Dance Surface,1993,ska,"Checkered floors provide the ground, Where the best moves can be found, Surface perfect for the dance, Giving skankers their best chance"
The Uppercase,Capital Beats,1997,ska,"Uppercase letters shout it loud, Capital beats make us proud, Emphasizing every sound, As rhythm messages abound"
Brass Essentials,Must-Have Beat,2006,ska,"Brass essentials you must have, Creating rhythm oh so fab, Necessities for the ska soul, Required to make you whole"
Rude Language,Speaking Rhythm,1990,ska,"Rude language speaks in rhythm code, Following the skanker's mode, Communication through the beat, Making conversation sweet"
The Upheaval,Change The Beat,1995,ska,"Upheaval changing how we move, Finding new paths in the groove, Revolution in the skank, Breaking boundaries rank by rank"
Skanking Lawyers,Legal Moves,1999,ska,"Skanking lawyers make their case, With rhythm style and grace, Legal moves beyond debate, These beats we must appreciate"
Brass Contacts,Network Beat,2002,ska,"Brass contacts connect us all, Answering the rhythm call, Network beat links everyone, United till the day is done"
The Rudeniks,Village Skank,1988,ska,"Village skank from the rudeniks, Simple pleasures simple tricks, Community through rhythm found, As rural beats go round and round"
Checkered Future,Tomorrow's Sound,1994,ska,"Checkered future unclear yet bright, Patterns changing day and night, Tomorrow's sound evolving still, Rhythmic promise to fulfill"
The Uppers,Mood Elevation,2000,ska,"Mood elevation through rhythm and beat, Making your happiness complete, Uppers taking spirits high, Dancing upward to the sky"
Brass Parliament,Rhythm Law,1996,ska,"Brass parliament making rhythm law, Perfect beats without a flaw, Legislation for the soul, Movement under full control"
Rude Boy School,Education Beat,2003,ska,"Rude boy school teaching the way, How to skank both night and day, Education beat with lessons true, Everything a skanker should do"
The Upstroke,Rising Motion,1991,ska,"Upstroke movement rising high, Reaching toward the endless sky, Motion flowing smooth and clean, Energy like you've never seen"
Skanking Chefs,Recipe Rhythm,1998,ska,"Skanking chefs with recipe right, Cooking beats both day and night, Flavor rhythms taste so good, Dancing just the way you should"
